{"A": 1.2173392776087848, "B": 0.8372195566658539, "C": 0.8372195566658539, "D": 0.8372195566658539, "E": 0.8372195566658539, "F": 1.572485415987141, "G": 0.8979520708380585, "H": 1.2676578515810892, "I": 0.5897274523356452, "J": 1.7116918943333435, "K": 1.1003387068377295, "L": 1.403557763606314, "M": 1.633231354470894, "N": 1.2519388085059717, "O": 0.3025747260643645, "P": 1.1868971965280082, "Q": 0.7303096341533148, "R": 1.2081548560402524, "S": 1.2081548560402524, "T": 1.2081548560402524, "U": 1.2081548560402524}